DATE;OPEN;HIGH;LOW;CLOSE
13.12.2018;154.9500000;156.4900000;153.2500000;156.4900000
14.12.2018;155.9600000;155.9800000;153.5100000;155.4000000
17.12.2018;155.1600000;156.4100000;152.9300000;153.5300000
18.12.2018;152.4000000;152.4200000;150.0500000;151.8900000
19.12.2018;151.1000000;153.7900000;150.7100000;152.9800000
20.12.2018;150.2300000;152.3800000;149.7000000;152.2700000
21.12.2018;151.4100000;152.2700000;150.3200000;151.1200000
24.12.2018;150.6600000;151.1500000;148.9300000;149.7300000
25.12.2018;148.3600000;148.4900000;145.0200000;147.0100000
26.12.2018;147.4700000;149.6600000;147.3600000;148.4100000
27.12.2018;151.0000000;152.4000000;150.0600000;150.6800000
28.12.2018;151.6800000;153.8000000;151.1600000;153.0000000
29.12.2018;153.6900000;153.7300000;152.8200000;153.5000000
03.01.2019;154.1300000;157.3000000;154.1100000;156.2800000
04.01.2019;156.7400000;159.1500000;156.7100000;159.1500000
08.01.2019;158.6500000;158.9400000;156.5500000;158.2600000
09.01.2019;158.8800000;160.4000000;158.4000000;160.2400000
10.01.2019;159.7400000;160.2000000;157.5600000;160.2000000
11.01.2019;160.2100000;161.1300000;159.8000000;161.0000000
14.01.2019;159.8400000;160.7500000;159.2000000;160.4800000
15.01.2019;160.9700000;161.5000000;157.3500000;158.1500000
16.01.2019;158.3500000;158.7500000;155.8000000;156.9000000
17.01.2019;157.2100000;157.2900000;155.6000000;157.1000000
18.01.2019;158.1700000;159.2000000;157.4300000;159.2000000
21.01.2019;159.0200000;160.0700000;158.0100000;158.3000000
22.01.2019;157.8600000;158.5000000;156.5700000;158.5000000
23.01.2019;158.2200000;159.9000000;158.0200000;159.9000000
24.01.2019;159.7100000;162.7800000;158.8600000;160.9000000
25.01.2019;161.6100000;162.8200000;160.1800000;162.8200000
28.01.2019;162.4000000;163.5800000;159.8200000;160.5600000
29.01.2019;160.1400000;162.9800000;159.0000000;162.9500000
30.01.2019;162.5100000;165.8400000;162.2600000;165.4000000
31.01.2019;166.0000000;166.4900000;162.5500000;162.8200000
01.02.2019;162.4700000;164.3700000;161.7500000;163.3300000
04.02.2019;163.3700000;165.0000000;162.8100000;163.2000000
05.02.2019;163.4500000;165.4300000;162.5400000;164.2500000
06.02.2019;164.4400000;164.6700000;163.0700000;163.2100000
07.02.2019;162.8800000;163.4400000;159.1000000;160.3900000
08.02.2019;159.1700000;161.3600000;158.1100000;159.8000000
11.02.2019;160.4300000;162.3000000;160.1800000;161.2900000
12.02.2019;161.5000000;163.6800000;160.7500000;163.6800000
13.02.2019;163.9400000;164.2800000;159.2700000;159.2700000
14.02.2019;157.3500000;158.7400000;155.1500000;155.1500000
15.02.2019;155.9900000;159.0400000;155.8900000;159.0400000
18.02.2019;159.2500000;159.9000000;156.1400000;156.4300000
19.02.2019;156.4900000;157.1400000;153.3600000;154.0300000
20.02.2019;154.6700000;155.6600000;153.6700000;154.4300000
21.02.2019;154.8400000;155.4100000;153.0100000;153.5000000
22.02.2019;153.5100000;155.6500000;153.4900000;154.6400000
25.02.2019;155.0100000;155.3700000;153.5600000;154.6000000
26.02.2019;153.9200000;155.3600000;152.8200000;155.3600000
27.02.2019;155.7000000;157.1500000;154.8200000;156.4000000
28.02.2019;156.3700000;159.2500000;156.0200000;158.9900000
01.03.2019;158.9200000;159.5500000;156.3100000;156.7100000
04.03.2019;156.7500000;156.7600000;154.4000000;154.4000000
05.03.2019;154.0400000;154.6500000;153.1100000;153.2000000
06.03.2019;153.3500000;154.4500000;153.0700000;154.2000000
07.03.2019;154.0000000;154.1900000;151.5800000;151.9000000
11.03.2019;151.9000000;152.4700000;150.5100000;151.6000000
12.03.2019;152.2400000;152.9500000;150.8400000;151.6400000
13.03.2019;151.2500000;153.3000000;150.6600000;153.3000000
14.03.2019;153.3500000;154.4000000;152.5300000;152.6800000
15.03.2019;152.9800000;154.5600000;152.1100000;154.5600000
18.03.2019;154.1700000;156.4800000;153.6000000;155.8400000
19.03.2019;155.8400000;156.4500000;154.6000000;155.5000000
20.03.2019;155.5400000;156.1400000;154.0000000;156.0900000
21.03.2019;156.3000000;156.7000000;154.5200000;155.3300000
22.03.2019;155.0200000;155.0200000;151.8500000;152.2900000
25.03.2019;151.2200000;152.2900000;150.7200000;152.2900000
26.03.2019;151.9900000;152.9100000;150.8300000;151.1200000
27.03.2019;150.9000000;151.4400000;149.0300000;149.4900000
28.03.2019;149.6800000;150.7500000;148.8300000;149.9800000
29.03.2019;150.1700000;151.6400000;149.1300000;149.6100000
01.04.2019;150.2700000;154.8100000;149.9200000;154.5300000
02.04.2019;154.8500000;155.8000000;153.3000000;155.0000000
03.04.2019;155.3500000;157.5800000;155.3100000;156.9900000
04.04.2019;156.8000000;158.8900000;156.4000000;158.8900000
05.04.2019;158.3700000;159.5000000;157.8700000;158.6000000
08.04.2019;158.8700000;160.8800000;158.8700000;160.5000000
09.04.2019;160.4500000;163.3500000;159.8000000;162.7000000
10.04.2019;162.4000000;164.9500000;162.1200000;162.8800000
11.04.2019;162.3700000;162.9500000;158.0400000;158.0400000
12.04.2019;158.5700000;160.4600000;157.9000000;159.1200000
15.04.2019;160.0000000;160.6000000;157.6200000;158.3300000
16.04.2019;158.9900000;163.4200000;158.2100000;162.2400000
17.04.2019;163.0000000;165.4000000;162.4000000;164.0000000
18.04.2019;163.6200000;163.7900000;160.8500000;161.7900000
19.04.2019;161.9400000;162.5700000;161.5000000;162.5700000
22.04.2019;163.2100000;164.3400000;162.7600000;163.5000000
23.04.2019;163.5800000;163.8500000;160.9100000;162.4200000
24.04.2019;162.9300000;163.0700000;159.1800000;160.5700000
25.04.2019;160.1900000;160.9500000;158.8000000;159.3100000
26.04.2019;159.0500000;161.0000000;158.5800000;161.0000000
29.04.2019;161.2000000;164.7400000;160.6800000;163.9300000
30.04.2019;164.0300000;165.4000000;163.0100000;163.9500000
02.05.2019;163.6700000;166.8500000;163.6700000;165.7100000
03.05.2019;166.2100000;166.9800000;165.8300000;166.3100000
06.05.2019;164.9800000;165.4500000;163.3400000;165.4500000
07.05.2019;165.0100000;166.2700000;164.2100000;164.2100000
08.05.2019;164.4900000;165.4400000;163.5500000;163.5700000
10.05.2019;163.6100000;164.9000000;162.6200000;163.6100000
13.05.2019;163.5400000;164.3400000;163.0000000;163.0000000
14.05.2019;163.0000000;190.9000000;162.6500000;189.6700000
15.05.2019;193.0300000;198.4000000;192.2900000;195.6100000
16.05.2019;194.6100000;203.4500000;194.2400000;202.7000000
17.05.2019;201.8100000;202.3000000;197.7100000;198.8900000
20.05.2019;200.2000000;201.4800000;198.3000000;200.8000000
21.05.2019;201.4000000;210.9800000;199.0100000;207.8000000
22.05.2019;208.9200000;210.1100000;206.3300000;208.1000000
23.05.2019;207.1000000;212.1800000;205.8400000;208.8600000
24.05.2019;209.4900000;210.2000000;203.7600000;204.5000000
27.05.2019;204.2500000;206.6000000;200.8400000;206.2000000
28.05.2019;206.0000000;206.0000000;201.0000000;203.1300000
29.05.2019;202.1000000;207.6900000;201.1100000;207.1400000
30.05.2019;207.9000000;216.4500000;207.5700000;213.1000000
31.05.2019;212.0000000;215.2700000;210.0500000;215.1000000
03.06.2019;214.4000000;251.6500000;213.5000000;235.5100000
04.06.2019;233.5000000;235.5900000;223.5200000;230.1600000
05.06.2019;230.2500000;233.3000000;228.0400000;230.0100000
06.06.2019;230.0000000;236.6200000;228.7100000;231.4500000
07.06.2019;233.1300000;233.7700000;230.0000000;230.5000000
10.06.2019;230.9600000;234.3000000;230.4000000;232.1000000
11.06.2019;232.3300000;237.6300000;231.1300000;234.8600000
13.06.2019;233.7400000;237.3500000;233.0100000;234.4400000
14.06.2019;234.3800000;235.4400000;231.2600000;231.5100000
17.06.2019;231.5500000;234.4400000;229.6300000;229.8100000
18.06.2019;229.6800000;232.3000000;228.3000000;232.1300000
19.06.2019;232.5000000;235.4200000;232.0000000;232.4600000
20.06.2019;234.0000000;234.4500000;231.4500000;232.5200000
21.06.2019;232.5000000;232.5200000;228.8500000;229.0900000
24.06.2019;229.5400000;233.0400000;229.4700000;232.3800000
25.06.2019;232.0200000;232.1900000;229.6400000;232.0900000
26.06.2019;232.5200000;233.6000000;232.0000000;233.1000000
27.06.2019;233.0100000;234.9300000;232.6000000;232.6000000
28.06.2019;233.2100000;235.4700000;232.3500000;232.8300000
01.07.2019;234.1600000;248.4300000;234.1000000;245.5000000
02.07.2019;246.2500000;249.2600000;243.7000000;246.6500000
03.07.2019;246.0100000;251.6000000;245.5500000;251.6000000
04.07.2019;251.6000000;256.4000000;250.6100000;255.3500000
05.07.2019;255.2000000;255.9600000;250.1200000;250.8900000
08.07.2019;250.1100000;250.9600000;245.2000000;248.5100000
09.07.2019;248.6500000;252.9300000;247.7100000;250.1700000
10.07.2019;250.6500000;251.4800000;248.8000000;250.2100000
11.07.2019;250.2100000;250.6900000;245.0000000;247.2000000
12.07.2019;247.0700000;247.8000000;244.0000000;245.5000000
15.07.2019;246.9800000;248.0800000;240.1000000;240.3000000
16.07.2019;240.1000000;240.4000000;235.8300000;238.0100000
17.07.2019;223.5600000;224.0300000;218.6300000;220.1900000
18.07.2019;219.0000000;219.8000000;215.7700000;218.3000000
19.07.2019;219.4900000;220.4300000;215.3700000;216.0000000
22.07.2019;215.9600000;220.0000000;214.1000000;217.1200000
23.07.2019;217.5000000;221.1700000;216.7600000;217.3900000
24.07.2019;218.4700000;218.4700000;210.5100000;212.0000000
25.07.2019;208.0000000;228.9400000;206.0000000;219.0000000
26.07.2019;217.0000000;236.0000000;217.0000000;234.2300000
29.07.2019;234.1200000;238.7000000;231.8300000;236.7300000
30.07.2019;236.2000000;237.1300000;232.3700000;237.1000000
31.07.2019;237.4300000;239.6400000;234.4400000;236.9000000
01.08.2019;234.5400000;237.3400000;233.2900000;234.2800000
02.08.2019;231.2000000;233.1700000;227.9100000;227.9100000
05.08.2019;225.9800000;228.0000000;222.3000000;223.6100000
06.08.2019;223.6200000;227.7800000;223.6200000;226.7600000
07.08.2019;226.9200000;232.6700000;225.5000000;227.6700000
08.08.2019;230.5600000;233.5400000;230.4300000;231.2100000
09.08.2019;231.4500000;232.2600000;228.9100000;229.9600000
12.08.2019;231.0100000;232.9700000;229.2900000;230.2400000
13.08.2019;229.8100000;232.1600000;226.4600000;229.8700000
14.08.2019;231.1000000;231.1900000;224.5800000;227.1000000
15.08.2019;227.6500000;229.7000000;224.8900000;227.1500000
16.08.2019;228.3500000;229.3800000;224.0800000;224.7100000
19.08.2019;226.0000000;227.2000000;223.6500000;226.8000000
20.08.2019;226.7900000;232.3200000;226.1500000;231.5400000
21.08.2019;231.7200000;232.3200000;230.5000000;231.2200000
22.08.2019;231.0000000;233.9800000;230.2100000;232.0600000
23.08.2019;232.6800000;233.0400000;228.9300000;229.3500000
26.08.2019;228.8000000;230.6000000;228.0500000;228.9000000
27.08.2019;228.9200000;229.2800000;223.0000000;227.0000000
28.08.2019;226.5200000;228.6400000;224.8800000;228.4800000
29.08.2019;228.8700000;235.2500000;228.6700000;233.2000000
30.08.2019;233.6700000;233.8500000;231.0700000;232.1500000
02.09.2019;231.9300000;234.2200000;230.5000000;233.6700000
03.09.2019;233.4000000;233.6000000;229.9600000;231.0200000
04.09.2019;232.7000000;234.7800000;232.1800000;233.7100000
05.09.2019;234.6400000;238.1700000;234.6400000;236.1800000
06.09.2019;235.8000000;235.9700000;232.3800000;234.4900000
09.09.2019;235.0100000;235.6200000;233.0000000;234.8500000
10.09.2019;234.5000000;235.1000000;232.0200000;233.0000000
11.09.2019;233.0300000;235.3800000;232.2000000;235.0700000
12.09.2019;234.4000000;235.2800000;231.5100000;232.8800000
13.09.2019;232.6000000;233.4100000;230.8000000;232.5000000
16.09.2019;233.9200000;234.8800000;232.5700000;234.8800000
17.09.2019;234.5900000;235.1700000;232.3600000;233.5800000
18.09.2019;233.0000000;233.9600000;232.3000000;233.4600000
19.09.2019;233.2000000;233.2800000;230.0600000;230.5200000
20.09.2019;230.7500000;231.0000000;228.5000000;230.4100000
23.09.2019;230.5100000;231.2500000;228.8700000;230.3600000
24.09.2019;230.4000000;230.6800000;227.1900000;227.7000000
25.09.2019;227.0500000;228.7000000;225.7600000;228.4300000
26.09.2019;228.7400000;233.7000000;228.3100000;231.9700000
27.09.2019;231.9500000;232.1400000;229.0100000;229.0100000
30.09.2019;229.0300000;229.4600000;225.9000000;225.9000000
01.10.2019;225.9900000;227.7000000;225.1700000;226.4900000
02.10.2019;226.2000000;226.6500000;223.2500000;223.6000000
03.10.2019;223.5500000;224.8900000;220.7900000;223.1000000
04.10.2019;224.3000000;224.6500000;221.2400000;221.6600000
07.10.2019;221.8600000;226.8100000;220.6800000;226.3600000
08.10.2019;226.5500000;227.7000000;222.7100000;223.2000000
09.10.2019;223.1000000;224.7100000;221.7200000;223.1800000
10.10.2019;222.9900000;224.9300000;222.2700000;224.5000000
11.10.2019;225.0100000;227.5000000;224.8200000;227.3700000
14.10.2019;227.3800000;228.6100000;225.5000000;226.0000000
15.10.2019;225.9900000;227.1500000;224.0600000;226.0000000
16.10.2019;225.8500000;227.9000000;225.1100000;227.7000000
17.10.2019;227.6600000;228.6000000;226.0000000;228.0000000
18.10.2019;227.8800000;228.9000000;227.2000000;228.0000000
21.10.2019;228.2400000;229.1100000;227.3100000;228.5400000
22.10.2019;228.5900000;235.3600000;228.2800000;235.3600000
23.10.2019;234.8600000;237.6700000;233.1600000;236.2000000
24.10.2019;236.4600000;244.0000000;236.4600000;243.9400000
25.10.2019;244.1700000;247.4000000;239.5000000;246.7100000
28.10.2019;247.3400000;249.9600000;242.7000000;244.4000000
29.10.2019;244.0300000;253.6900000;241.4000000;253.1000000
30.10.2019;252.8500000;265.2600000;252.0100000;261.6000000
31.10.2019;262.2900000;267.4000000;257.0000000;260.0000000
01.11.2019;260.1100000;264.2800000;256.3500000;263.7900000
05.11.2019;266.0200000;267.5300000;261.3100000;263.0000000
06.11.2019;263.1100000;266.9800000;258.9100000;266.9800000
07.11.2019;266.0100000;272.6800000;264.6600000;270.7400000
08.11.2019;269.9000000;270.2000000;264.4500000;266.0000000
11.11.2019;265.0000000;265.4500000;259.8000000;260.4000000
12.11.2019;260.8200000;264.5700000;256.1300000;257.2500000
13.11.2019;256.1100000;257.1900000;250.7900000;251.8000000
14.11.2019;252.5500000;253.4600000;244.8000000;248.3400000
15.11.2019;248.5000000;250.4700000;245.0000000;248.0100000
18.11.2019;250.0100000;250.4000000;245.6200000;246.1500000
19.11.2019;246.5000000;248.7000000;244.3200000;248.0100000
20.11.2019;246.9400000;254.8900000;245.5800000;248.0000000
21.11.2019;252.0000000;259.8000000;250.0100000;254.3500000
22.11.2019;253.1200000;257.7200000;250.1300000;251.9900000
25.11.2019;252.1200000;256.1700000;251.4600000;255.2000000
26.11.2019;255.6000000;257.4100000;252.0100000;254.0000000
27.11.2019;253.8000000;255.8500000;252.2500000;253.8900000
28.11.2019;253.4800000;254.4300000;251.3500000;254.0000000
29.11.2019;253.8900000;257.5400000;251.8600000;257.5400000
02.12.2019;258.4500000;263.4000000;254.0500000;254.0500000
03.12.2019;253.2000000;254.1400000;247.0900000;247.9300000
04.12.2019;248.5000000;251.9600000;246.4000000;248.9300000
05.12.2019;249.5000000;250.3000000;244.7700000;246.3600000
06.12.2019;246.5000000;248.2500000;245.3900000;247.8300000
09.12.2019;247.9800000;250.2200000;247.4000000;248.7000000
10.12.2019;248.9000000;250.1500000;246.5000000;246.9000000
11.12.2019;246.8400000;248.6900000;246.8400000;247.3400000
12.12.2019;247.6400000;254.6600000;247.3500000;250.4800000
13.12.2019;251.1100000;252.4800000;248.8000000;249.5000000
16.12.2019;249.9000000;252.2200000;249.2000000;250.7800000
17.12.2019;251.2400000;252.8600000;250.8000000;252.0500000
18.12.2019;252.0000000;252.7100000;250.8500000;251.2900000
19.12.2019;250.9500000;252.3000000;249.4000000;251.4000000
20.12.2019;252.7100000;256.5800000;252.2200000;255.5000000
23.12.2019;251.5000000;255.2000000;251.1100000;255.0000000
24.12.2019;255.6000000;257.7100000;254.2600000;254.8700000
25.12.2019;254.9000000;255.4900000;253.0200000;253.2500000
26.12.2019;253.4500000;254.2400000;252.5000000;254.1000000
27.12.2019;254.3300000;257.4900000;254.0000000;257.1100000
30.12.2019;257.0900000;258.3000000;254.7100000;256.4000000
03.01.2020;259.1000000;261.9000000;257.7700000;259.0000000
06.01.2020;258.9100000;258.9600000;254.8000000;256.5500000
08.01.2020;256.2500000;257.3200000;254.7700000;255.7900000
09.01.2020;255.6600000;256.6800000;251.8200000;254.0700000
10.01.2020;253.9900000;254.6000000;251.2000000;251.9000000
13.01.2020;252.5000000;252.5000000;248.4000000;251.5000000
14.01.2020;252.0000000;253.2000000;249.0000000;250.0000000
15.01.2020;249.5000000;252.5000000;247.7500000;251.3000000
16.01.2020;251.8700000;254.5400000;251.5000000;254.2600000
17.01.2020;254.7600000;256.6000000;253.8000000;255.3900000
20.01.2020;255.6500000;256.1000000;253.0100000;253.5000000
21.01.2020;253.3700000;253.4000000;250.8800000;252.9900000
22.01.2020;252.8100000;253.3900000;248.1000000;248.1000000
23.01.2020;246.9000000;247.6600000;239.0100000;239.3000000
24.01.2020;240.1200000;243.2500000;235.2800000;237.9500000
27.01.2020;235.0100000;235.4000000;229.6500000;230.9600000
28.01.2020;232.6100000;237.5900000;229.0000000;235.0000000
29.01.2020;236.9000000;237.3600000;231.3000000;232.0000000
30.01.2020;230.7000000;232.4900000;229.4500000;231.5300000
31.01.2020;232.5300000;233.7900000;226.5700000;226.7000000
03.02.2020;223.8100000;229.9800000;223.8000000;227.6400000
04.02.2020;228.4700000;231.0800000;226.6500000;230.5000000
05.02.2020;230.8900000;235.7300000;228.8000000;232.5600000
06.02.2020;234.0400000;236.0000000;230.1500000;231.3800000
07.02.2020;232.3800000;233.3900000;227.1400000;229.1100000
10.02.2020;228.5800000;229.7500000;224.4100000;225.2000000
11.02.2020;226.5600000;236.1800000;226.0100000;233.9000000
12.02.2020;235.2000000;239.8000000;234.5600000;238.0300000
13.02.2020;236.9000000;237.9800000;233.5500000;233.5500000
14.02.2020;233.7900000;235.4000000;230.9100000;232.5000000
17.02.2020;233.4000000;234.5600000;231.9100000;233.7500000
18.02.2020;232.9700000;233.2800000;229.8000000;230.5000000
19.02.2020;231.8400000;233.5000000;230.7100000;231.9000000
20.02.2020;232.5500000;235.7500000;232.0000000;234.6000000
21.02.2020;233.2000000;233.7700000;231.6100000;232.0000000
25.02.2020;227.9900000;230.0600000;224.6800000;224.6800000
26.02.2020;223.3200000;225.4700000;220.8100000;224.7600000
27.02.2020;220.9900000;223.4000000;216.8000000;217.5000000
28.02.2020;210.0000000;211.9700000;200.5700000;202.6500000
02.03.2020;207.9900000;211.9900000;195.5100000;198.7800000
03.03.2020;204.7800000;205.2700000;198.0000000;201.4800000
04.03.2020;199.9000000;204.4200000;198.2800000;200.0000000
05.03.2020;203.0000000;203.4300000;197.5000000;198.0000000
06.03.2020;193.4900000;194.2300000;185.1300000;188.2700000
10.03.2020;169.4500000;185.8400000;161.0100000;171.0000000
11.03.2020;173.9800000;175.8700000;167.3900000;172.0300000
12.03.2020;163.4000000;167.8000000;161.2000000;163.7300000
13.03.2020;164.0800000;175.6900000;164.0200000;166.1000000
16.03.2020;163.5600000;169.9900000;158.1700000;168.0700000
17.03.2020;168.9600000;175.5000000;164.5600000;167.0000000
18.03.2020;164.9000000;170.4500000;162.0000000;166.3400000
19.03.2020;168.7700000;175.2000000;164.0500000;174.5600000
20.03.2020;179.9800000;184.6900000;176.1000000;176.2600000
23.03.2020;171.0300000;172.2800000;168.0400000;168.3500000
24.03.2020;174.3600000;179.9900000;172.6100000;177.9500000
25.03.2020;182.8000000;186.9000000;175.2600000;180.2000000
26.03.2020;179.4500000;184.9000000;177.2800000;181.5000000
27.03.2020;181.2000000;181.3700000;172.0000000;174.5000000
30.03.2020;171.9900000;177.6300000;170.5000000;176.4400000
31.03.2020;178.5000000;184.6400000;178.0100000;181.4100000
01.04.2020;178.0500000;181.3800000;177.5000000;180.0600000
02.04.2020;183.8000000;190.0000000;180.2500000;187.0400000
03.04.2020;187.0300000;193.8500000;185.7200000;189.7700000
06.04.2020;192.2500000;193.4400000;189.4400000;191.1000000
07.04.2020;192.7200000;195.1300000;189.8000000;191.2200000
08.04.2020;189.7500000;194.1100000;188.1000000;194.1100000
09.04.2020;195.6900000;196.2600000;189.8800000;193.8600000
10.04.2020;191.8600000;192.4400000;190.5100000;192.0000000
13.04.2020;192.2500000;192.3600000;186.0700000;188.0700000
14.04.2020;189.5700000;191.7600000;188.3000000;190.1100000
15.04.2020;189.1600000;189.4800000;182.5600000;184.2500000
16.04.2020;185.1500000;189.1600000;182.7500000;184.3000000
17.04.2020;187.0700000;187.8700000;183.5400000;184.6800000
20.04.2020;184.1100000;186.2500000;183.0000000;185.5100000
21.04.2020;183.1700000;184.5000000;179.0500000;181.9200000
22.04.2020;181.0900000;188.5500000;180.3300000;188.3600000
23.04.2020;189.9800000;191.5900000;187.5000000;188.7300000
24.04.2020;187.9400000;187.9500000;185.1000000;185.7100000
27.04.2020;186.5300000;188.4700000;185.6900000;186.2900000
28.04.2020;185.9300000;190.6500000;185.7600000;188.5000000
29.04.2020;189.7800000;195.2300000;188.5300000;193.8700000
30.04.2020;195.4400000;196.2000000;189.6200000;190.0000000
04.05.2020;188.0000000;188.1700000;184.5200000;185.7000000
05.05.2020;188.3900000;190.3900000;187.3000000;190.0000000
06.05.2020;190.5300000;191.0500000;187.0500000;187.0500000
07.05.2020;187.5200000;190.3000000;185.5000000;185.8500000
08.05.2020;186.3400000;186.6400000;183.1000000;185.3400000
12.05.2020;184.8800000;187.2000000;183.2000000;186.1700000
13.05.2020;185.5500000;185.5500000;183.8000000;184.2000000
14.05.2020;183.2700000;184.8500000;181.6800000;183.9100000
15.05.2020;185.6200000;186.9800000;183.8500000;183.8500000
18.05.2020;185.4000000;192.5000000;185.1400000;192.5000000
19.05.2020;193.0000000;194.3900000;191.1000000;194.2000000
20.05.2020;193.5700000;197.2700000;192.7900000;196.7400000
21.05.2020;196.1000000;199.2600000;191.4000000;194.7400000
22.05.2020;194.0000000;195.7600000;192.2100000;194.3500000
25.05.2020;195.2100000;197.5500000;195.1100000;197.5500000
26.05.2020;198.8000000;202.3000000;196.3000000;196.8600000
27.05.2020;196.1000000;197.7500000;193.1500000;194.7300000
28.05.2020;194.4000000;196.9800000;194.1700000;196.8600000
29.05.2020;196.2500000;199.9500000;193.2000000;199.9500000
01.06.2020;200.2500000;202.4700000;197.1500000;198.7200000
02.06.2020;199.4800000;202.1900000;198.7200000;201.9700000
03.06.2020;203.1000000;208.1500000;202.0100000;208.0000000
04.06.2020;207.9900000;207.9900000;200.6000000;201.4600000
05.06.2020;202.5600000;204.8400000;201.5100000;203.0500000
08.06.2020;204.9500000;206.5000000;202.9700000;204.9100000
09.06.2020;205.4100000;206.1000000;201.5700000;204.8400000
10.06.2020;204.8800000;205.2700000;200.5300000;201.7500000
11.06.2020;200.1900000;200.1900000;195.1500000;196.7400000
15.06.2020;193.8500000;196.1500000;191.0000000;194.2000000
16.06.2020;196.0600000;199.5900000;195.2000000;196.5900000
17.06.2020;197.7200000;199.0800000;195.2100000;195.8600000
18.06.2020;195.4400000;195.5700000;191.8500000;193.0000000
19.06.2020;194.1700000;196.0700000;193.8200000;195.8100000
22.06.2020;195.3500000;195.3500000;192.6200000;194.3000000
23.06.2020;194.7800000;196.3200000;194.0000000;194.8300000
25.06.2020;191.8000000;192.4800000;190.5500000;192.2500000
26.06.2020;192.8000000;195.6900000;190.5100000;193.0000000
29.06.2020;192.6700000;198.1000000;192.5800000;197.9400000
30.06.2020;197.9000000;198.4800000;193.2400000;194.3100000
02.07.2020;195.3100000;195.8400000;194.4000000;195.2800000
03.07.2020;195.6500000;197.4800000;194.7700000;197.2000000
06.07.2020;199.2100000;201.7500000;198.5300000;199.9900000
07.07.2020;199.7000000;199.9400000;197.7500000;197.9600000
08.07.2020;198.0000000;201.1900000;197.5500000;201.1700000
09.07.2020;201.4800000;202.0000000;198.4000000;199.4400000
10.07.2020;198.2500000;201.7000000;197.2200000;200.9400000
13.07.2020;201.6000000;202.3300000;195.5000000;195.7000000
14.07.2020;195.0900000;196.6500000;192.4800000;193.6000000
15.07.2020;180.6000000;184.2700000;179.8000000;182.2600000
16.07.2020;181.2000000;183.8000000;181.0700000;183.3200000
17.07.2020;183.8000000;184.9300000;182.8700000;184.6500000
20.07.2020;184.6700000;188.4100000;183.8800000;188.3600000
21.07.2020;188.9900000;189.7700000;186.2500000;186.7800000
22.07.2020;187.0300000;188.5900000;186.0700000;187.1500000
23.07.2020;187.5000000;188.3000000;184.4000000;184.6900000
24.07.2020;184.8300000;186.4500000;184.1200000;185.4500000
27.07.2020;185.6000000;185.9200000;184.2000000;185.0300000
28.07.2020;185.1300000;185.4600000;183.6000000;184.3000000
29.07.2020;184.5000000;185.3500000;183.4200000;184.6900000
30.07.2020;184.4400000;184.7300000;180.9100000;182.5200000
31.07.2020;182.6000000;184.8400000;181.6100000;182.5900000
03.08.2020;182.5100000;184.0300000;181.7200000;183.6000000
04.08.2020;184.0600000;184.6800000;182.1700000;183.3100000
05.08.2020;183.5200000;189.9800000;183.3500000;189.1500000
06.08.2020;189.5600000;189.9200000;187.1300000;189.0700000
07.08.2020;188.4400000;188.5700000;185.8100000;187.2300000
10.08.2020;187.4900000;188.8500000;186.8300000;187.7000000
11.08.2020;187.8800000;192.4000000;187.8800000;189.7000000
12.08.2020;190.4700000;193.2900000;189.3200000;192.8000000
13.08.2020;192.5000000;194.4400000;191.2500000;193.7600000
14.08.2020;194.2500000;194.2500000;190.7100000;192.8300000
17.08.2020;193.8400000;194.6800000;189.2000000;190.4700000
18.08.2020;190.0700000;191.9500000;189.2500000;190.3000000
19.08.2020;190.5000000;191.9900000;189.0000000;189.2600000
20.08.2020;188.8000000;188.9400000;185.5800000;186.9500000
21.08.2020;187.2500000;187.7900000;183.5000000;184.5100000
24.08.2020;185.3700000;187.4400000;184.8400000;187.1000000
25.08.2020;187.4500000;187.9900000;184.7300000;186.2500000
26.08.2020;186.2200000;188.0000000;185.0000000;187.4800000
27.08.2020;187.5000000;188.0100000;182.6200000;184.5800000
28.08.2020;184.9600000;185.2200000;182.4800000;182.9000000
31.08.2020;183.1200000;184.2800000;180.5100000;181.0100000
01.09.2020;181.4000000;184.8700000;181.0100000;184.2200000
02.09.2020;184.8000000;186.2900000;181.1000000;181.9500000
03.09.2020;182.4000000;182.5900000;178.6000000;179.1300000
04.09.2020;178.9800000;180.5600000;178.0000000;179.5500000
07.09.2020;178.8200000;179.7500000;175.9400000;177.0400000
08.09.2020;177.0000000;177.4300000;172.4000000;172.9500000
09.09.2020;172.7800000;175.3500000;172.3300000;173.6900000
10.09.2020;173.8000000;174.6400000;171.1100000;173.8000000
11.09.2020;174.3300000;178.2700000;173.1000000;178.0500000
14.09.2020;178.4500000;180.8000000;177.5200000;178.1900000
15.09.2020;178.1300000;182.9500000;178.0100000;182.2200000
16.09.2020;182.6900000;184.1600000;181.3500000;183.2600000
17.09.2020;181.7800000;184.8400000;180.3400000;183.9000000
18.09.2020;184.4000000;184.7000000;181.3400000;181.5200000
21.09.2020;181.3600000;181.3600000;175.3600000;177.1700000
22.09.2020;176.5800000;180.9000000;176.4200000;179.0000000
23.09.2020;179.8100000;180.3700000;176.8100000;177.0000000
24.09.2020;176.0000000;178.4900000;171.9000000;174.2300000
25.09.2020;175.1200000;175.1700000;169.6000000;173.7700000
28.09.2020;174.2400000;175.3800000;171.2900000;172.7400000
29.09.2020;172.7600000;173.4700000;170.0000000;171.4400000
30.09.2020;171.0200000;171.9800000;169.8000000;169.9700000
01.10.2020;171.1800000;171.4000000;167.9700000;168.4000000
02.10.2020;167.5000000;169.9500000;167.2200000;169.4700000
05.10.2020;170.1200000;170.8800000;168.5800000;170.6400000
06.10.2020;170.7000000;173.4100000;170.5000000;171.3500000
07.10.2020;171.7500000;172.2600000;167.0400000;168.2300000
08.10.2020;168.1800000;168.8600000;166.1500000;167.4300000
09.10.2020;167.8000000;168.1900000;165.7700000;166.9700000
12.10.2020;167.6600000;169.8000000;166.8700000;169.0500000
13.10.2020;169.1300000;169.4700000;165.8200000;166.3700000
14.10.2020;166.6100000;167.6300000;165.7100000;167.2400000
15.10.2020;166.8500000;168.8500000;166.0000000;167.1600000
16.10.2020;167.2200000;167.2500000;163.5600000;163.9800000
19.10.2020;164.7600000;165.6000000;163.0000000;163.6000000
20.10.2020;163.7400000;167.1200000;162.8000000;166.5300000
21.10.2020;166.8000000;167.3000000;163.8700000;164.3700000
22.10.2020;163.8500000;166.5300000;163.6600000;165.2700000
23.10.2020;165.1500000;165.8800000;164.3900000;164.9600000
26.10.2020;164.4400000;164.9600000;161.1000000;162.1700000
27.10.2020;162.1800000;162.6200000;158.2100000;159.2100000
28.10.2020;158.9800000;158.9900000;153.7000000;154.3000000
29.10.2020;155.0800000;157.3000000;154.2000000;156.7400000
30.10.2020;155.0900000;156.2000000;154.0800000;154.2800000
02.11.2020;153.9600000;157.9800000;151.9000000;157.7400000
03.11.2020;158.2100000;161.9200000;157.4400000;161.0900000
05.11.2020;163.8100000;165.2500000;161.9900000;163.7000000
06.11.2020;163.0000000;165.8400000;161.5200000;164.9200000
09.11.2020;166.7200000;171.5000000;164.9000000;170.1300000
10.11.2020;169.0300000;173.6400000;167.6300000;172.9200000
11.11.2020;173.5000000;175.1500000;170.2600000;170.5300000
12.11.2020;170.2000000;175.3000000;169.7500000;172.9100000
13.11.2020;172.8800000;181.2700000;172.4200000;180.3000000
16.11.2020;181.0200000;185.6200000;180.3000000;185.3200000
17.11.2020;185.1000000;185.3100000;178.8300000;182.9000000
18.11.2020;182.2600000;187.6900000;180.8000000;185.0000000
19.11.2020;185.2000000;185.8800000;181.9200000;184.1600000
20.11.2020;184.1000000;184.3600000;182.1000000;183.2100000
23.11.2020;183.6400000;185.6300000;182.7700000;184.1500000
24.11.2020;185.0300000;187.3000000;183.9700000;186.7600000
25.11.2020;187.0100000;188.7600000;185.8500000;188.0300000
26.11.2020;188.2500000;189.1000000;184.6000000;185.5200000
27.11.2020;185.1300000;186.7500000;182.5600000;185.9000000
30.11.2020;185.1000000;185.1400000;180.0400000;181.8900000
01.12.2020;182.6000000;188.0900000;181.7800000;185.3400000
02.12.2020;185.0000000;187.2400000;183.1200000;187.2200000
03.12.2020;186.9800000;187.5800000;184.3700000;185.1200000
04.12.2020;186.2000000;189.4200000;185.8500000;188.7900000
07.12.2020;188.2200000;192.8500000;187.8000000;190.7600000
08.12.2020;190.3400000;191.4500000;187.8000000;190.0000000
09.12.2020;190.3000000;193.0900000;189.0500000;189.3500000
10.12.2020;189.5500000;193.5100000;188.6700000;192.9500000
11.12.2020;193.0500000;201.6300000;192.3100000;201.5000000
14.12.2020;203.5000000;207.8500000;198.7800000;199.9100000
15.12.2020;199.0100000;202.2900000;197.0500000;201.0000000
16.12.2020;201.0100000;206.2000000;199.5400000;206.2000000
17.12.2020;206.7000000;215.3800000;206.5100000;214.5200000
18.12.2020;214.0000000;214.5000000;207.2200000;212.6900000
21.12.2020;209.9100000;209.9900000;200.8000000;203.4600000
22.12.2020;200.7400000;210.6800000;199.1900000;208.4000000
23.12.2020;209.0000000;212.7800000;206.2000000;207.6300000
24.12.2020;208.5400000;209.9600000;203.1500000;206.2400000
25.12.2020;206.2000000;206.7300000;204.0100000;205.0300000
28.12.2020;205.5300000;207.8600000;205.1500000;206.1100000
29.12.2020;206.9500000;210.0000000;206.6100000;208.7500000
30.12.2020;209.8800000;213.3800000;209.5000000;212.9800000
04.01.2021;212.7100000;216.6300000;211.6400000;212.7100000
05.01.2021;213.2000000;215.3800000;210.2200000;215.3200000
06.01.2021;215.4800000;216.8000000;213.0700000;214.3800000
08.01.2021;217.1400000;226.2400000;217.0000000;225.4900000
11.01.2021;225.0500000;231.0000000;221.8100000;227.6000000
12.01.2021;229.0000000;231.4400000;225.6600000;228.6900000
13.01.2021;229.2900000;230.3500000;225.2000000;226.8000000
14.01.2021;226.4900000;229.5700000;223.2000000;228.8600000
15.01.2021;227.5000000;230.7000000;226.0000000;226.5000000
18.01.2021;225.5500000;228.5000000;221.3400000;226.8800000
19.01.2021;227.6600000;228.8500000;223.0000000;223.1500000
20.01.2021;223.0000000;225.7800000;221.5500000;224.3000000
21.01.2021;224.4000000;224.9600000;217.2200000;217.2800000
22.01.2021;216.4500000;216.5000000;210.5000000;215.4900000
25.01.2021;216.9000000;219.6600000;214.5300000;218.6800000
26.01.2021;216.8000000;220.2900000;215.7100000;218.8000000
27.01.2021;219.4900000;222.0000000;216.4400000;217.4000000
28.01.2021;215.9100000;219.4900000;214.2600000;217.7000000
29.01.2021;216.7500000;216.7500000;212.4700000;212.8300000
01.02.2021;214.6100000;214.8700000;212.2400000;214.6600000
02.02.2021;215.5000000;219.7400000;213.2500000;214.4200000
03.02.2021;215.4100000;218.4200000;213.7900000;218.1000000
04.02.2021;218.7100000;221.4000000;216.8800000;219.7900000
05.02.2021;220.6800000;222.2100000;219.0000000;222.0100000
08.02.2021;223.0600000;228.0000000;223.0000000;228.0000000
09.02.2021;229.0000000;229.4900000;225.8000000;227.7300000
10.02.2021;227.9800000;228.2900000;221.8000000;223.2400000
11.02.2021;223.4500000;223.6700000;220.7300000;221.3500000
12.02.2021;220.7800000;227.4700000;216.7700000;226.7100000
15.02.2021;228.4900000;230.0000000;226.7000000;229.2200000
16.02.2021;229.9500000;233.2200000;227.5700000;232.4600000
17.02.2021;232.3200000;233.3500000;225.3300000;229.1400000
18.02.2021;228.9800000;228.9800000;224.0100000;224.4700000
19.02.2021;224.0200000;226.2600000;221.1000000;226.0000000
20.02.2021;226.3500000;227.1000000;225.0000000;225.8400000
22.02.2021;226.4900000;227.3000000;223.0400000;225.6300000
24.02.2021;224.4200000;225.6400000;220.8500000;222.5500000
25.02.2021;223.4700000;225.5000000;221.2200000;221.7000000
26.02.2021;220.5600000;221.6800000;217.2000000;217.5600000
01.03.2021;219.3400000;222.0100000;218.2500000;221.4700000
02.03.2021;220.0000000;224.1100000;219.7600000;222.7400000
03.03.2021;224.2000000;226.7900000;221.7000000;222.1500000
04.03.2021;221.8800000;226.6900000;219.5000000;221.1400000
05.03.2021;222.0500000;228.4200000;220.0200000;227.0000000
09.03.2021;227.5100000;233.0700000;226.0500000;232.1000000
10.03.2021;231.8300000;235.5000000;230.6600000;231.6900000
11.03.2021;232.8300000;233.5300000;230.0700000;232.4700000
12.03.2021;232.0100000;234.3900000;230.6000000;233.8000000
15.03.2021;234.9800000;238.0900000;234.4600000;237.7900000
16.03.2021;237.3000000;238.2300000;233.8000000;234.0200000
17.03.2021;234.0000000;234.5600000;227.2100000;229.9000000
18.03.2021;230.0500000;231.7900000;223.7000000;224.3500000
19.03.2021;223.0500000;226.6400000;222.3700000;225.4000000
22.03.2021;225.1400000;225.3400000;220.7900000;221.8800000
23.03.2021;221.3500000;224.4400000;219.8100000;221.6200000
24.03.2021;222.3900000;225.4500000;220.5300000;223.6500000
25.03.2021;224.2000000;225.3800000;222.7000000;224.8400000
26.03.2021;225.7400000;227.6000000;225.1300000;227.3000000
29.03.2021;226.7900000;229.1500000;226.3100000;228.7400000
30.03.2021;228.9500000;230.1000000;225.0400000;225.9300000
31.03.2021;226.4000000;228.4000000;223.3200000;227.2400000
01.04.2021;228.4300000;231.6700000;225.7500000;226.9400000
02.04.2021;227.0000000;229.2000000;226.5400000;228.4000000
05.04.2021;227.9000000;227.9200000;224.1300000;225.0600000
06.04.2021;226.0100000;226.5500000;221.9100000;222.9500000
07.04.2021;222.3100000;226.0100000;220.6800000;224.5100000
08.04.2021;224.8400000;226.3000000;222.8800000;224.3000000
09.04.2021;224.1700000;224.3000000;221.4800000;222.1500000
12.04.2021;220.9500000;224.2500000;219.6000000;222.8700000
13.04.2021;223.0200000;228.3300000;221.1000000;227.9900000
14.04.2021;230.5800000;236.5800000;229.3100000;235.3200000
15.04.2021;230.1000000;236.3900000;228.2300000;234.6300000
16.04.2021;235.4900000;237.4500000;232.7000000;235.1000000
19.04.2021;234.7400000;234.9000000;230.2800000;231.1700000
20.04.2021;231.5800000;233.1700000;229.0000000;230.0000000
21.04.2021;229.9300000;231.8000000;228.3700000;230.8400000
22.04.2021;230.6800000;232.1500000;227.1400000;230.9300000
23.04.2021;231.3000000;233.3000000;230.0000000;232.6200000
26.04.2021;233.0200000;234.9100000;232.1600000;233.2300000
27.04.2021;233.5000000;235.1400000;231.2100000;232.0000000
28.04.2021;232.5500000;233.2400000;230.2000000;232.9600000
29.04.2021;234.0800000;236.1800000;229.0000000;230.5100000
30.04.2021;230.1100000;231.6000000;228.8600000;231.3800000
04.05.2021;232.2000000;234.3000000;230.9600000;233.8000000
05.05.2021;234.2100000;237.7700000;233.6900000;237.5000000
06.05.2021;237.9000000;243.3200000;237.7500000;243.0000000
07.05.2021;243.4900000;243.9900000;240.7800000;241.7000000
10.05.2021;242.3500000;244.3000000;240.5200000;241.4100000
11.05.2021;240.2000000;243.1700000;239.0500000;242.5000000
12.05.2021;242.1100000;244.4200000;241.5600000;241.7900000
13.05.2021;242.2500000;247.2900000;242.0500000;247.1600000
14.05.2021;248.0000000;250.4000000;247.5300000;249.5500000
17.05.2021;250.0000000;255.2500000;249.4500000;255.1500000
18.05.2021;256.1100000;268.3800000;254.5400000;266.2200000
19.05.2021;263.9000000;264.5000000;256.0000000;260.9000000
20.05.2021;260.8000000;262.7800000;256.9000000;259.1600000
21.05.2021;260.0400000;260.7000000;257.1200000;258.0000000
24.05.2021;258.6900000;261.4700000;257.1200000;261.2400000
25.05.2021;262.3300000;262.7200000;258.3100000;259.7900000
26.05.2021;260.5200000;263.3300000;260.0100000;263.0900000
27.05.2021;261.9800000;263.7500000;261.2200000;262.9600000
28.05.2021;263.7900000;265.9300000;261.3500000;262.0000000
31.05.2021;261.0000000;261.6000000;259.3000000;261.0300000
01.06.2021;261.9700000;264.7600000;261.5800000;263.8600000
02.06.2021;264.0500000;271.3600000;263.5500000;271.1500000
03.06.2021;272.3300000;274.3000000;268.2000000;272.1000000
04.06.2021;271.9200000;276.2200000;269.5800000;274.3000000
07.06.2021;274.0500000;276.7000000;273.8500000;275.6700000
08.06.2021;275.5000000;277.5800000;272.9100000;275.3600000
09.06.2021;275.9300000;276.3900000;273.7600000;275.6500000
10.06.2021;275.4000000;277.7700000;274.3200000;276.1000000
11.06.2021;276.5800000;278.0000000;274.8500000;277.0500000
14.06.2021;277.6200000;280.4500000;277.2200000;279.5000000
15.06.2021;279.9200000;280.1400000;272.6300000;272.7200000
16.06.2021;272.9900000;275.2300000;270.1200000;271.8000000
17.06.2021;270.9000000;273.8900000;269.1000000;272.5000000
18.06.2021;271.6100000;273.1800000;268.6500000;270.0600000
21.06.2021;269.7700000;272.8600000;268.0900000;272.6200000
22.06.2021;273.5200000;277.0000000;272.8900000;277.0000000
23.06.2021;277.8900000;279.5600000;276.6700000;277.3500000
24.06.2021;278.2000000;279.4700000;275.5000000;277.4700000
25.06.2021;277.8000000;277.9200000;276.1200000;277.1900000
28.06.2021;277.2300000;279.6100000;276.4300000;276.9900000
29.06.2021;276.1200000;277.5000000;273.1700000;276.8000000
30.06.2021;277.2800000;281.8200000;276.5000000;281.8000000
01.07.2021;281.8800000;286.2500000;281.8800000;285.7400000
02.07.2021;285.7000000;286.1900000;282.8000000;285.6500000
05.07.2021;286.0000000;291.4900000;285.7800000;291.1000000
06.07.2021;292.0000000;295.9700000;291.3400000;293.4500000
07.07.2021;293.8500000;297.4800000;293.4700000;297.3900000
08.07.2021;296.4500000;297.0000000;290.3300000;292.8600000
09.07.2021;293.5100000;295.5800000;292.0000000;295.2200000
12.07.2021;295.5300000;298.4800000;294.9000000;297.3900000
13.07.2021;297.7700000;297.7700000;293.0000000;293.8300000
14.07.2021;282.8800000;286.9300000;282.8800000;284.6000000
15.07.2021;284.5800000;285.1100000;278.9600000;280.0100000
16.07.2021;279.3800000;282.0000000;278.0000000;279.6500000
19.07.2021;277.2600000;279.5100000;273.1500000;275.5100000
20.07.2021;276.7900000;278.6800000;273.1000000;277.3000000
21.07.2021;277.5400000;285.0100000;276.0000000;282.9000000
22.07.2021;283.5000000;285.0900000;281.2100000;283.2800000
23.07.2021;283.0800000;285.0000000;279.0500000;279.5100000
26.07.2021;277.3700000;281.3700000;276.7000000;281.0500000
27.07.2021;280.1900000;280.8300000;276.8400000;278.0800000
28.07.2021;278.0500000;282.9800000;277.7000000;282.2000000
29.07.2021;283.9700000;287.7500000;283.5800000;287.0000000
30.07.2021;285.3700000;287.5800000;283.2800000;287.3500000
02.08.2021;287.8800000;289.4800000;285.2100000;286.7500000
03.08.2021;286.7700000;288.0500000;284.3400000;287.0900000
04.08.2021;287.8900000;288.8000000;286.0000000;287.9400000
05.08.2021;287.3100000;288.2800000;285.1600000;285.9500000
06.08.2021;285.2600000;285.7200000;277.8700000;282.2700000
09.08.2021;282.2300000;287.9000000;280.8000000;286.6800000
10.08.2021;288.0000000;288.8000000;285.7000000;288.6100000
11.08.2021;288.9200000;291.4900000;287.1200000;290.3500000
12.08.2021;290.2500000;293.8100000;290.2500000;293.2300000
13.08.2021;292.6500000;293.9000000;291.7500000;292.7000000
16.08.2021;291.4700000;295.4800000;290.9500000;295.1000000
17.08.2021;295.1300000;299.5000000;290.3200000;298.3200000
18.08.2021;299.0000000;299.9500000;295.0000000;295.0500000
19.08.2021;293.4900000;294.7200000;289.6800000;293.6800000
20.08.2021;293.7900000;294.9000000;289.5000000;292.5700000
23.08.2021;294.7000000;297.9400000;294.1000000;297.6900000
24.08.2021;299.0000000;301.0000000;295.9500000;298.7000000
25.08.2021;298.7100000;299.2000000;294.3700000;296.7000000
26.08.2021;295.9200000;295.9700000;293.0400000;294.3400000
27.08.2021;295.8100000;300.0000000;294.8100000;299.6600000
30.08.2021;301.6600000;305.5000000;299.9700000;305.1700000
31.08.2021;305.8300000;307.6700000;304.1000000;305.6500000
01.09.2021;306.6000000;313.9500000;306.1900000;312.8900000
02.09.2021;313.5900000;314.8000000;310.3000000;312.3000000
03.09.2021;312.7000000;317.9600000;311.1600000;317.9400000
06.09.2021;319.0000000;329.3500000;318.6000000;328.9300000
07.09.2021;329.9500000;333.0000000;325.5000000;327.7300000
08.09.2021;328.4900000;328.5000000;322.2200000;327.6000000
09.09.2021;326.0000000;328.1400000;323.5000000;324.5700000
10.09.2021;326.5500000;330.0000000;325.5000000;326.4300000
13.09.2021;327.5200000;333.0000000;327.3000000;332.7500000
14.09.2021;333.1300000;339.9200000;332.3600000;338.9800000
15.09.2021;339.3900000;344.2000000;337.7200000;343.3400000
16.09.2021;342.0000000;342.9900000;337.0300000;338.5000000
17.09.2021;338.8300000;339.2900000;333.3000000;334.5000000
20.09.2021;329.9700000;332.0000000;321.2600000;325.7000000
21.09.2021;328.7000000;336.7800000;328.4400000;335.3000000
22.09.2021;338.4000000;341.4900000;337.4000000;340.5900000
23.09.2021;342.0000000;345.2000000;339.4300000;343.4700000
24.09.2021;343.6700000;344.9000000;340.0000000;344.2900000
27.09.2021;347.5200000;355.1900000;347.0000000;355.1900000
28.09.2021;359.0000000;361.8000000;353.6800000;354.0700000
29.09.2021;354.0500000;360.9400000;352.3000000;360.8800000
30.09.2021;363.2600000;364.5300000;359.5300000;360.8000000
01.10.2021;358.4500000;363.7800000;356.0000000;363.2500000
04.10.2021;364.6700000;378.3300000;364.3000000;376.0600000
05.10.2021;378.0600000;389.8200000;378.0300000;389.8200000
06.10.2021;394.9800000;397.6400000;370.2500000;381.3000000
07.10.2021;382.1800000;384.3000000;361.6100000;370.7000000
08.10.2021;371.5000000;373.0000000;364.7700000;366.1700000
11.10.2021;369.0000000;372.6100000;363.7000000;369.8100000
12.10.2021;367.2600000;368.8500000;362.2500000;364.1000000
13.10.2021;365.2400000;365.4400000;352.7100000;362.7700000
14.10.2021;366.4000000;369.7000000;364.3500000;367.0000000
15.10.2021;368.3100000;369.3500000;366.6100000;367.7600000
18.10.2021;365.0100000;366.4500000;360.1500000;363.5000000
19.10.2021;364.9800000;368.8300000;362.2400000;368.8300000
20.10.2021;367.9000000;370.7500000;365.5000000;369.9700000
21.10.2021;368.0000000;370.1900000;360.8800000;363.3700000
22.10.2021;361.3800000;364.1900000;357.4800000;358.1200000
25.10.2021;359.9900000;365.8400000;356.6900000;364.8400000
26.10.2021;365.0400000;369.3300000;362.5400000;364.8200000
27.10.2021;363.2700000;365.4900000;361.1800000;362.1700000
28.10.2021;360.9600000;362.0200000;351.6200000;353.2100000
29.10.2021;351.1000000;352.6000000;345.4000000;350.1800000
01.11.2021;350.3000000;359.3000000;350.3000000;359.1000000
02.11.2021;359.1600000;360.0000000;351.2400000;352.4800000
03.11.2021;350.5500000;353.8600000;346.6200000;353.0200000
05.11.2021;352.0000000;354.8000000;349.2300000;350.6000000
08.11.2021;353.0000000;356.3400000;348.3400000;351.4700000
09.11.2021;351.0600000;353.6100000;346.9900000;349.4600000
10.11.2021;349.8700000;351.2500000;344.2000000;345.8000000
11.11.2021;346.9400000;348.4300000;343.8000000;347.4400000
12.11.2021;346.8400000;347.1500000;331.0000000;333.6000000
15.11.2021;333.8100000;341.8100000;333.6700000;340.3000000
16.11.2021;341.4800000;342.8500000;331.6100000;336.7900000
17.11.2021;336.0000000;351.8200000;334.8300000;349.9800000
18.11.2021;350.0500000;359.3200000;342.2800000;345.5600000
19.11.2021;348.2700000;350.7300000;334.2000000;337.6200000
22.11.2021;334.9900000;335.6800000;316.6600000;319.2000000
23.11.2021;316.4500000;341.7700000;310.6200000;341.7700000
24.11.2021;343.8700000;348.0000000;332.7500000;338.3000000
25.11.2021;340.0000000;343.0000000;335.7000000;337.5500000
26.11.2021;325.0000000;332.0000000;320.1000000;326.0000000
29.11.2021;335.0000000;345.3300000;331.9600000;339.2000000
30.11.2021;332.4800000;342.5500000;331.5000000;334.2400000
01.12.2021;338.5700000;350.3700000;337.6100000;345.2100000
02.12.2021;347.3000000;352.6700000;344.8000000;350.3000000
03.12.2021;351.5000000;353.1300000;343.2100000;345.9900000
06.12.2021;347.2700000;349.3600000;333.3500000;338.9400000
07.12.2021;339.2500000;346.0000000;333.4300000;344.9600000
08.12.2021;346.0000000;348.4700000;336.5300000;340.5000000
09.12.2021;341.4500000;344.2000000;335.7200000;336.6000000
10.12.2021;337.0200000;338.3100000;329.9800000;332.0000000
13.12.2021;333.5200000;333.5200000;319.8100000;324.5900000